Date,Gold,SP500,Euro,Oil,Silver,Quarter
2017-08-16,121.870003,239.913834,1.177,9.57,38863,3
2016-07-15,126.839996,205.511993,1.1036,10.99,47275,3
2013-03-01,152.440002,135.032669,1.3022,32.740002000000004,53711,1
2014-10-06,116.029999,180.249847,1.2654,34.040001000000004,38488,4
2017-05-17,119.790001,227.998383,1.1159,10.19,39199,2
2016-08-02,130.270004,205.245361,1.1227,9.33,48071,3
2015-03-19,112.290001,193.442123,1.0659999999999998,16.08,36371,1
2017-11-15,121.410004,250.37997400000003,1.1792,11.09,39711,4
2012-11-30,166.050003,125.302147,1.2986,32.560001,61185,4
2014-10-20,119.800003,174.749344,1.2799,31.139999,38533,4
2017-10-18,121.669998,249.677002,1.1787,10.48,39767,4
2016-06-01,115.940002,199.181549,1.1188,11.93,38460,2
2012-11-23,169.610001,124.597,1.2976,32.32,63526,4
2012-09-21,171.96000700000005,128.581268,1.298,34.490002000000004,63371,3
2018-03-28,125.730003,256.007782,1.2308,13.04,38308,1
2013-07-02,120.050003,144.50813300000004,1.2979,35.209999,39883,3
2014-08-22,123.190002,182.061691,1.3243,34.959999,41955,3
2017-09-13,125.610001,243.05191,1.1886,10.07,41110,3
2012-02-29,164.28999299999995,118.998093,1.3326,40.919998,57783,1
2015-11-10,104.18,195.385956,1.0724,14.09,34272,4
2016-09-12,126.589996,205.997589,1.1234,10.64,45447,3
2011-12-22,156.03999299999995,108.793526,1.3051,38.279999,52894,4
2012-02-17,167.350006,118.468315,1.3152,39.75,55926,1
2012-03-26,164.399994,123.523338,1.3358,40.77,57731,1
2016-02-23,117.220001,181.243668,1.102,8.48,37176,1
2016-10-10,120.160004,206.865982,1.1138,11.67,42210,4
2015-07-14,110.739998,196.387939,1.1012,17.719998999999998,35172,3
2018-07-10,118.93,276.031219,1.1744,15.07,39793,3
2012-10-24,164.860001,124.306152,1.2974,31.629999,59000,4
2017-09-19,124.620003,244.062881,1.1994,10.11,40062,3
2012-07-18,153.050003,120.44574,1.2284,33.689999,52706,3
2012-02-16,168.0,118.155678,1.3141,39.279999,56216,1
2015-10-27,111.68,193.521667,1.1048,13.82,37064,4
2012-12-20,159.729996,127.920128,1.3244,32.73,57351,4
2016-04-25,118.230003,197.609085,1.1266,10.55,40102,2
2016-05-24,117.300003,196.908096,1.1141,11.82,39337,2
2018-09-18,113.440002,287.917725,1.1667,14.69,37438,3
2016-05-18,120.099998,194.104202,1.1217,11.7,41048,2
2013-07-10,120.949997,148.075806,1.2976,37.43,40174,3
2016-07-06,130.229996,199.636948,1.1099,11.33,47788,3
2013-11-20,120.120003,160.75968899999995,1.3439,33.630001,44999,4
2012-01-23,163.160004,114.299622,1.3030000000000002,38.389999,55565,1
2014-09-10,120.260002,182.866043,1.2917,34.259998,41956,3
2013-08-02,126.360001,153.239044,1.3283,37.939999,42034,3
2015-02-23,115.43,195.021072,1.1332,18.110001,36199,1
2012-10-03,172.410004,127.893715,1.2906,32.610001000000004,62318,4
2013-01-07,159.429993,129.582047,1.3117,33.919998,57983,1
2017-05-25,119.480003,233.741348,1.1211,10.04,39802,2
2015-02-03,121.050003,189.139313,1.1481,19.620001,38091,1
2013-03-11,152.990005,138.512604,1.3045,33.040001000000004,54593,1
2018-12-24,120.019997,234.339996,1.14,9.29,37541,4
2013-04-15,131.309998,138.317184,1.3036,31.49,44378,2
2018-01-17,126.139999,274.397827,1.2186,12.78,39201,1
2012-02-07,169.699997,117.061401,1.3266,37.950001,57265,1
2013-05-17,131.070007,148.856842,1.2839,34.209999,42814,2
2012-07-20,153.669998,119.65663899999998,1.2157,34.200001,52872,3
2016-02-16,114.769997,178.84996,1.1144,8.31,37219,1
2012-09-06,164.889999,126.057251,1.2631,35.23,62339,3
2018-06-29,118.650002,268.48962400000005,1.1685,15.06,39228,2
2014-11-19,113.68,188.45015,1.2554,28.25,36372,4
2017-10-03,120.830002,246.884567,1.1744,10.18,39328,4
2017-08-23,122.669998,237.601547,1.1807,9.88,39074,3
2018-10-09,112.599998,285.731415,1.149,15.82,38621,4
2018-10-10,112.879997,276.684265,1.152,15.38,38485,4
2018-10-19,116.010002,274.646179,1.1515,14.72,38796,4
2012-09-18,171.720001,128.556137,1.3048,35.57,64469,3
2018-10-24,116.660004,263.779633,1.1392,14.05,38836,4
2012-03-01,166.610001,119.614723,1.3312,41.75,58332,1
2016-11-23,113.25,211.210785,1.0559,10.67,40526,4
2014-10-17,118.989998,173.068893,1.2763,31.25,38399,4
2015-11-09,104.400002,194.936295,1.0752,14.08,34552,4
2012-04-17,160.25,121.316505,1.3125,39.639999,56016,2
2016-06-21,120.839996,198.475281,1.1242,11.89,41355,2
2013-08-27,136.75,146.408493,1.3393,38.869999,57290,3
2013-07-24,127.480003,151.06083700000005,1.3201,37.400002,41346,3
2017-11-09,122.129997,252.069107,1.1642,11.46,39641,4
2018-05-07,124.57,262.993561,1.1922,14.1,39911,2
2016-09-19,125.32,204.234238,1.1174,9.98,46041,3
2014-11-14,114.470001,187.550232,1.2523,28.83,36032,4
2013-09-10,131.740005,151.374557,1.3268,38.34,52235,3
2015-11-23,102.260002,195.863754,1.0636,13.02,33608,4
2012-01-03,155.919998,110.730225,1.3051,39.689999,53109,1
2012-04-10,161.100006,118.542625,1.3081,38.509998,56267,2
2013-09-23,127.550003,153.06715400000004,1.3493,37.27,49393,3
2018-02-28,125.0,266.586273,1.2194,12.37,38246,1
2016-11-30,111.75,210.904541,1.0588,10.93,40089,4
2013-01-17,163.350006,131.384079,1.3377,34.669998,59614,1
2016-08-29,126.300003,207.921021,1.1189,10.85,44367,3
2012-07-17,153.470001,119.560173,1.2294,33.380001,52890,3
2018-03-22,125.980003,259.791351,1.2302,12.95,38577,1
2015-08-28,108.699997,185.688721,1.1179,14.88,34378,3
2012-04-04,157.21000700000005,121.996834,1.3142,38.84,55385,2
2015-11-04,105.970001,197.091003,1.0863,14.85,35504,4
2013-07-08,119.510002,146.964249,1.287,36.41,40388,3
2017-01-04,110.860001,218.115921,1.0488,11.58,40267,1
2015-04-02,115.279999,191.467346,1.0884,17.559998999999998,37349,2
2012-12-06,164.5,125.152298,1.2968,31.66,62440,4
2012-03-20,160.130005,122.5028,1.3225,40.43,56466,1
2018-09-06,113.540001,285.196014,1.1622,14.3,37151,3
2015-12-16,102.75,194.88945,1.0913,10.99,34400,4
2013-01-10,161.979996,130.567337,1.3271,34.169998,58680,1
2017-03-06,116.720001,228.830185,1.0581,11.28,42429,1
2013-08-19,132.009995,147.699326,1.3335,38.169998,51215,3
2015-07-10,111.489998,193.368332,1.1164,17.67,35615,3
2013-08-21,132.070007,147.511093,1.3357,37.169998,51446,3
2012-07-06,153.71000700000005,118.797394,1.2288,31.59,53061,3
2017-07-05,116.519997,235.862503,1.1353,9.25,37124,3
2018-06-27,118.580002,266.579468,1.1554,14.65,39642,2
2017-08-30,124.360001,239.010284,1.1883,9.38,39721,3
2014-04-28,124.879997,169.995926,1.385,36.709999,42468,2
2012-01-19,161.220001,114.16938,1.2965,38.689999,53387,1
2018-05-29,123.190002,265.06262200000003,1.154,13.51,39979,2
2016-01-28,106.540001,178.218582,1.0939,9.7,34806,1
2018-05-24,123.589996,268.787048,1.172,14.29,40882,2
2012-06-19,157.160004,118.981483,1.2688,31.68,54465,2
2017-03-17,116.989998,229.168243,1.0738,10.33,40909,1
2017-03-23,118.669998,226.267746,1.0783,10.01,41300,1
2014-08-27,123.32,183.030579,1.3193,35.029999,41933,3
2013-07-03,120.739998,144.570877,1.3009,35.84,40989,3
2017-07-03,116.089996,235.31842000000003,1.1364,9.62,37250,3
2018-10-29,116.309998,262.328094,1.1373,14.11,38285,4
2018-06-21,120.050003,271.419159,1.1603,13.31,39554,2
2017-02-09,117.290001,221.985748,1.0656,11.35,42031,1
2016-03-29,118.760002,194.303116,1.1291,9.8,36560,1
2015-08-05,103.93,195.810104,1.0906,15.03,33479,3
2012-07-23,153.029999,118.446625,1.2115,33.0,52923,3
2018-11-14,114.639999,268.631317,1.131,11.95,36494,4
2012-12-28,160.53999299999995,124.308876,1.3216,33.040001000000004,57516,4
2016-04-29,123.650002,195.44931,1.1456,11.3,41566,2
2018-07-24,116.040001,278.713348,1.1686,14.23,38450,3
2016-08-31,124.779999,206.987869,1.1158,10.36,43988,3
2016-12-22,107.589996,216.96077,1.0437,11.46,38970,4
2017-07-14,116.769997,238.57309,1.1469,9.59,36970,3
2018-10-04,113.480003,287.759583,1.1515,15.74,38971,4
2013-05-08,142.46000700000005,145.64678999999995,1.3152,34.400002,44906,2
2014-10-31,112.660004,185.181076,1.2525,30.629999,35797,4
2018-09-07,113.230003,284.641754,1.1553,14.28,37167,3
2014-03-11,129.860001,169.566254,1.3859,35.810001,45897,1
2015-06-29,113.07,191.495026,1.1236,19.51,35854,2
2013-03-27,155.360001,139.271286,1.278,34.549999,54062,1
2015-05-11,113.529999,195.3349,1.1155,20.379999,37668,2
2015-10-14,113.809998,186.701492,1.1473,15.05,37575,4
2012-05-30,151.910004,114.931389,1.237,33.02,54483,2
2012-02-02,171.050003,115.228912,1.3146,37.130001,57023,1
2015-06-16,113.32,195.001022,1.1248,20.26,36848,2
2017-10-11,122.790001,248.99353,1.1859,10.36,40129,4
2012-10-11,171.320007,126.368767,1.2927,34.290001000000004,61778,4
2016-01-27,107.690002,177.294998,1.0893,9.18,35296,1
2017-02-23,118.940002,227.60762000000005,1.0581,11.53,42856,1
2014-10-22,119.339996,176.944031,1.2649,30.549999,38209,4
2017-10-12,122.889999,248.622498,1.183,10.23,40352,4
2012-10-17,169.53999299999995,128.872177,1.3119,34.099998,60574,4
2015-06-04,112.839996,194.889725,1.1239,19.66,37172,2
2013-11-22,119.919998,162.867477,1.3558,34.040001000000004,44547,4
2013-01-15,162.559998,130.558502,1.3304,33.990002000000004,59459,1
2012-07-09,154.03999299999995,118.648331,1.2319,32.169998,53544,3
2014-03-13,132.21000700000002,167.709656,1.3869,35.34,46734,1
2015-05-06,114.360001,192.951294,1.1353,20.82,37992,2
2015-06-23,112.889999,197.627457,1.117,20.469999,35938,2
2016-12-28,108.860001,216.017349,1.0412,11.75,39420,4
2017-11-17,122.860001,251.766388,1.1795,11.35,40013,4
2017-06-16,119.339996,235.736176,1.1198,9.24,38481,2
2014-05-19,124.580002,171.687866,1.3709,37.380001,40866,2
2016-03-22,119.309998,193.772629,1.1217,10.54,37864,1
2015-03-11,110.75,188.825348,1.0547,17.77,35049,1
2016-01-19,103.980003,177.229004,1.0909,8.49,34428,1
2017-07-26,119.879997,240.38989300000003,1.1734,9.96,38091,3
2014-09-17,117.540001,183.487579,1.2866,35.009998,41374,3
2015-12-07,102.669998,195.189224,1.0835,11.72,34771,4
2012-11-13,167.100006,121.458916,1.2704,31.41,60804,4
2018-06-06,122.919998,273.319366,1.1773,13.16,39927,2
2015-01-06,117.120003,184.504105,1.1889,18.049999,37914,1
2013-08-14,129.0,151.258041,1.3256,38.09,46573,3
2018-05-15,122.480003,267.11203,1.1838,14.4,39952,2
2014-09-18,117.779999,184.465546,1.2923,34.619999,40934,3
2016-10-20,120.739998,204.68399,1.093,11.43,41996,4
2012-10-04,173.610001,128.810486,1.3018,33.939999,62105,4
2018-09-10,113.150002,285.136597,1.1594,14.21,37494,3
2018-09-11,113.220001,286.076813,1.1607,14.6,37401,3
2012-02-21,171.020004,118.520416,1.3241,40.580002,57157,1
2018-06-22,120.339996,271.914032,1.1657,14.02,39796,2
2017-04-12,122.019997,226.267746,1.0666,11.11,42202,2
2017-08-24,122.290001,237.047791,1.1799,9.71,38860,3
2018-04-20,126.629997,262.68808,1.2288,13.75,40479,2
2015-04-06,116.690002,192.756531,1.0924,18.43,38163,2
2013-04-02,152.429993,139.833023,1.2819999999999998,34.650002,51473,2
2014-05-07,124.169998,170.905563,1.3912,36.599998,41928,2
2014-11-12,111.5,187.293091,1.2439,29.139999,34695,4
2017-09-22,123.239998,243.54538,1.1954,10.24,39727,3
2014-02-05,121.290001,158.64404299999995,1.3533,34.709999,44392,1
2015-11-30,101.919998,195.507767,1.0564,12.93,33480,4
2013-11-14,124.269997,161.480316,1.3459,33.93,46961,4
2012-10-09,170.990005,127.109215,1.2885,34.18,61675,4
2014-05-15,124.769997,170.468948,1.3711,37.040001,41717,2
2013-03-06,153.229996,137.154327,1.2967,32.540001000000004,54968,1
2014-12-18,115.150002,189.882645,1.2286,20.74,36555,4
2018-08-01,115.139999,277.971069,1.166,14.09,37956,3
2013-12-05,118.300003,161.183075,1.3668,34.93,43146,4
2012-01-30,168.029999,114.091202,1.3127,38.009998,56992,1
2012-08-01,155.139999,120.638641,1.2226,33.169998,53172,3
2013-07-19,125.110001,151.643463,1.3142,38.450001,40332,3
2014-11-18,115.050003,188.753174,1.2537,28.200001,35804,4
2016-01-11,104.739998,181.045776,1.086,9.25,33664,1
2016-04-15,117.919998,196.822815,1.1283,10.25,38507,2
2017-12-06,120.07,257.019287,1.1796,11.2,37444,4
2014-08-11,125.959999,177.135208,1.3386,36.220001,43847,3
2018-11-13,113.699997,270.480499,1.1291,11.69,36385,4
2015-03-30,113.75,193.146057,1.0834,17.23,37466,1
2016-02-08,113.830002,174.741058,1.1198,8.64,37127,1
2017-04-27,120.389999,230.686157,1.0873,10.24,39670,2
2012-07-19,153.380005,120.761414,1.228,34.639999,52670,3
2012-07-03,157.46000700000005,120.480865,1.2607,32.939999,52512,3
2013-10-01,124.589996,152.535706,1.3526,36.68,47902,4
2015-10-13,111.860001,187.600876,1.1379,15.06,37272,4
2018-03-27,127.489998,256.76651,1.2403,13.08,38664,1
2012-04-30,161.880005,122.005577,1.3241,39.68,55318,2
2012-12-04,164.419998,124.508881,1.3094,32.400002,60671,4
2014-11-28,112.110001,190.268356,1.2452,25.58,34527,4
2012-08-20,157.259995,124.671921,1.2344,35.830002,54313,3
2013-06-25,123.470001,142.141663,1.3085,33.740002000000004,40663,2
2016-02-24,117.610001,182.072998,1.1013,8.59,37230,1
2014-08-08,126.190002,176.623322,1.3411,36.119999,43580,3
2014-01-08,118.120003,166.206268,1.3575,33.16,43869,1
2012-07-30,157.429993,121.594353,1.226,33.450001,53827,3
2017-03-13,114.739998,228.926453,1.0654,10.28,40418,1
2016-07-13,128.320007,204.645493,1.109,10.75,47830,3
2012-09-13,171.309998,128.52981599999998,1.2989,36.509998,65292,3
2018-06-28,118.220001,268.103638,1.1569,14.86,39117,2
2012-10-26,165.929993,124.597,1.2942,31.790001,59643,4
2013-10-09,126.110001,149.166809,1.3524,36.549999,49009,4
2018-12-11,117.540001,262.596527,1.1316,10.95,38331,4
2015-01-14,117.970001,185.464355,1.1789,18.27,37930,1
2013-10-14,122.830002,153.976929,1.3561,36.869999,47374,4
2016-06-30,126.470001,199.46553,1.1105,11.57,43467,2
2013-05-02,141.919998,142.445679,1.3064,33.490002000000004,44541,2
2018-11-08,115.779999,278.87149,1.1363,12.84,37613,4
2018-02-16,127.959999,268.01901200000003,1.2406,12.38,38665,1
2014-03-05,128.889999,170.03718600000005,1.3733,36.240002,46583,1
2018-06-11,123.230003,274.462311,1.1784,13.36,40791,2
2018-10-15,116.0,272.806915,1.1579,15.13,39153,4
2013-01-04,160.440002,129.937088,1.3069,33.880001,57537,1
2013-09-19,131.75,154.861542,1.3530000000000002,38.080002,51750,3
2015-07-21,105.370003,197.357208,1.0937,16.91,34022,3
2012-07-02,155.089996,119.691673,1.2586,31.43,52143,3
2016-02-11,119.059998,172.328537,1.1324,7.99,38288,1
2011-12-19,154.869995,104.468536,1.2995,36.200001,52961,4
2012-06-22,152.639999,117.01748700000002,1.257,30.1,52864,2
2012-07-12,152.589996,117.061317,1.2198,32.200001,53017,3
2014-03-28,124.559998,168.73152199999996,1.3753,36.619999,42759,1
2014-01-10,120.260002,166.767776,1.367,33.189999,44824,1
2014-09-02,121.650002,183.359558,1.3133,34.790001000000004,41617,3
2012-09-25,170.770004,127.021065,1.29,33.75,62314,3
2014-11-13,111.669998,187.504318,1.2477,28.290001,34707,4
2016-02-17,115.480003,181.771439,1.1128,8.78,37197,1
2013-01-25,160.649994,133.3815,1.3462,34.779999,58250,1
2014-10-10,117.589996,174.96975700000004,1.2628,32.18,38512,4
2015-05-01,113.080002,195.43692,1.1202,20.4,36540,2
2016-10-25,121.470001,204.961533,1.0888,11.24,42415,4
2016-05-06,123.18,194.87149,1.1405,10.96,41731,2
2013-09-09,133.910004,150.263,1.3255,38.939999,54117,3
2013-11-26,119.82,162.750381,1.3572,33.689999,44460,4
2012-03-27,163.240005,123.139542,1.3318,40.709999,57405,1
2015-09-25,109.809998,180.687057,1.1195,14.71,36072,3
2016-09-26,127.550003,205.028564,1.1254,10.43,46501,3
2015-12-14,101.790001,190.083466,1.0992,11.16,33487,4
2012-04-02,162.940002,123.723953,1.3323,40.029999,57595,2
2015-08-20,110.440002,190.134308,1.1242,13.37,36310,3
2011-12-30,151.990005,108.993294,1.2948,38.110001,51445,4
2014-12-10,117.959999,186.558502,1.2448,23.280001,38668,4
2018-10-01,112.57,290.036316,1.1578,15.95,38445,4
2018-09-20,114.269997,290.560242,1.1777,14.8,37259,3
2014-12-17,114.269997,185.30043,1.2343,21.34,36731,4
2018-06-04,122.370003,270.85614,1.1699,13.12,39576,2
2015-07-20,105.699997,198.158722,1.0827,16.690001000000002,34145,3
2013-08-22,132.809998,148.855698,1.3356,37.540001,51195,3
2015-04-17,115.599998,192.867813,1.0807,19.84,36455,2
2012-10-05,172.619995,128.81926,1.3034,33.349998,61732,4
2018-08-31,113.510002,287.323883,1.1601,14.71,36701,3
2015-11-05,105.639999,196.875519,1.0884,14.48,35500,4
2018-10-11,115.779999,270.589874,1.1594,14.95,38889,4
2014-06-12,122.639999,176.05423000000005,1.3553,39.080002,41251,2
2013-07-09,120.620003,148.02203400000005,1.2781,36.77,40168,3
2015-02-26,116.07,195.177979,1.1198,18.030001,36628,1
2015-11-17,102.339996,192.49115,1.0644,13.01,33707,4
2012-11-20,167.389999,122.693008,1.2818,31.950001,61536,4
2018-05-18,122.410004,267.338654,1.1778,14.43,40195,2
2018-01-19,126.419998,275.182922,1.2222,12.72,38969,1
2017-07-11,115.620003,235.298981,1.1467,9.27,36771,3
2018-06-08,123.010002,274.097778,1.1768,13.27,40412,2
2015-12-31,101.459999,192.128464,1.0861,11.0,33299,4
2012-01-04,156.71000700000005,110.90391499999998,1.2942,39.77,52761,1
2013-02-06,162.389999,134.189316,1.3523,35.040001000000004,58376,1
2016-04-08,118.43,193.715836,1.1401,10.03,36671,2
2015-10-08,109.139999,188.500275,1.1279,16.040001,36875,4
2014-05-21,124.389999,172.042618,1.3687,37.98,40896,2
2015-04-21,115.379997,194.398132,1.0736,19.450001,36157,2
2017-10-19,122.389999,249.745331,1.1852,10.35,39846,4
2015-09-14,106.220001,182.650467,1.1321,14.39,34713,3
2012-05-10,154.770004,118.647324,1.2936,36.610001,54568,2
2016-07-28,127.660004,206.407043,1.1076,9.67,47362,3
2016-04-28,121.290001,196.510239,1.1353,11.22,41044,2
2013-09-24,127.660004,152.706863,1.3474,37.220001,49152,3
2017-01-19,114.769997,217.470978,1.0664,11.17,41270,1
2014-09-15,118.639999,181.869736,1.2942,34.560001,41400,3
2014-04-10,127.010002,166.612015,1.3888,37.200001,43486,2
2018-04-09,126.82,257.160614,1.2321,12.77,38545,2
2013-11-05,126.559998,158.778,1.3474,33.669998,48159,4
2013-06-17,133.770004,146.627625,1.3369,34.759998,43597,2
2016-11-15,117.120003,208.894836,1.0721,10.34,41407,4
2018-08-07,114.589996,282.642517,1.1599,14.36,37883,3
2017-06-13,120.480003,236.438828,1.1216,9.6,38771,2
2013-09-06,134.149994,148.837738,1.318,39.360001,54817,3
2016-03-08,120.580002,186.973495,1.1011,9.65,37427,1
2016-06-27,126.68,190.057892,1.1026,11.19,42289,2
2013-12-13,119.379997,160.435425,1.3743,34.639999,44776,4
2017-03-01,119.059998,230.82283,1.0548,11.4,43408,1
2014-07-23,125.620003,181.55899,1.3465,38.16,44928,3
2013-09-04,134.660004,148.57782,1.3209,38.34,53141,3
2014-09-12,118.379997,182.006836,1.2965,34.380001,41309,3
2016-04-07,118.610001,193.194794,1.1377,9.51,36382,2
2013-11-04,126.809998,159.282471,1.3516,34.040001000000004,48257,4
2015-08-19,108.550003,194.113907,1.1119,13.43,35527,3
2016-09-02,126.57,207.930542,1.1156,10.24,45480,3
2018-04-11,128.110001,259.880035,1.2367,13.45,39181,2
2015-12-04,104.019997,196.379028,1.0886,12.46,34424,4
2014-06-18,122.669998,178.52844199999996,1.3596,39.009998,42398,2
2017-12-26,121.769997,262.209412,1.1859,11.95,38294,4
2013-12-11,120.860001,160.98490900000004,1.3786,34.98,45730,4
2013-10-21,126.980003,157.093552,1.3683,35.939999,49178,4
2015-06-12,113.230003,194.704224,1.1269,20.27,36594,2
2012-08-23,161.889999,123.330429,1.2564,35.759998,56778,3
2017-01-11,113.5,218.616516,1.0582,11.37,41008,1
2016-05-31,116.059998,198.774216,1.1132,11.87,38400,2
2014-02-26,128.110001,167.410782,1.3688,36.75,46642,1
2017-07-28,120.690002,239.884689,1.1752,10.17,38460,3
2018-05-22,122.410004,268.599792,1.1779,14.56,40495,2
2012-11-26,169.429993,124.332558,1.2973,32.189999,63734,4
2016-09-09,126.75,203.083878,1.1233,10.59,46194,3
2012-11-07,166.490005,123.160194,1.2771,31.209999,59252,4
2013-12-03,117.959999,161.912704,1.359,34.509998,42843,4
2015-05-08,113.970001,196.271622,1.1204,20.42,37935,2
2018-07-27,115.830002,278.52533,1.1658,14.32,38326,3
2014-02-20,127.599998,166.731537,1.3718,36.880001,47486,1
2015-10-20,112.730003,190.280212,1.1345,14.73,37042,4
2013-01-23,163.21000700000005,132.600281,1.3318,34.610001000000004,59865,1
2017-09-15,125.529999,243.301315,1.1943,10.2,40814,3
2014-08-29,123.860001,183.451004,1.3133,35.759998,42255,3
2015-08-24,110.529999,176.657837,1.162,12.5,35410,3
2017-10-04,121.169998,247.17749,1.176,10.08,39086,4
2016-07-25,125.470001,206.29277,1.0994,10.13,46473,3
2017-10-13,123.82,248.925186,1.1823,10.37,40399,4
2014-01-22,119.190002,166.912689,1.3548,34.560001,44338,1
2018-02-05,126.709999,259.010132,1.2368,12.77,38553,1
2015-08-07,104.650002,193.778381,1.0968,14.56,34031,3
2014-05-20,124.690002,170.605392,1.3703,37.52,41030,2
2015-08-25,109.160004,174.495621,1.1517,12.73,34652,3
2012-12-12,165.770004,126.500969,1.3074,31.780001,63224,4
2016-08-30,125.029999,207.578232,1.1143,10.73,43980,3
2016-04-21,119.419998,197.950089,1.1288,10.72,40086,2
2014-01-23,121.790001,165.54513500000004,1.3695,34.720001,44910,1
2015-08-12,107.75,194.710342,1.1157,14.44,36091,3
2014-06-03,120.010002,175.381058,1.3628,37.639999,39773,2
2018-05-09,124.330002,265.53558300000003,1.185,14.37,40079,2
2012-08-27,161.360001,124.101974,1.25,35.610001000000004,58039,3
2012-05-22,152.080002,115.315186,1.2684,34.48,54392,2
2012-08-24,161.970001,124.075722,1.2513,35.68,56949,3
2012-10-12,170.059998,125.95446,1.295,34.0,61346,4
2017-05-18,118.809998,228.91687,1.1103,10.26,38889,2
2014-11-25,115.379997,190.185699,1.2475,28.030001,36520,4
2012-12-07,165.160004,125.531403,1.2927,31.530001,62492,4
2017-02-02,115.839996,219.26149,1.0758,11.51,41801,1
2013-05-10,139.600006,145.709259,1.2993,34.139999,45062,2
2015-06-01,114.0,196.225296,1.0928,20.360001,38242,2
2017-12-29,123.650002,261.885559,1.1998,12.01,39237,4
2013-05-31,133.919998,145.74487299999996,1.2999,32.610001000000004,43616,2
2015-11-20,103.089996,196.088608,1.0646,12.93,33589,4
2017-02-15,117.449997,226.144394,1.0601,11.36,42651,1
2017-04-10,119.459999,227.534302,1.0596,11.14,41366,2
2017-04-11,121.190002,227.263565,1.0602,11.17,42187,2
2014-09-23,117.599998,181.829315,1.2847,34.439999,39511,3
2018-05-14,124.489998,268.964386,1.1927,14.38,40348,2
2018-04-02,127.260002,253.682541,1.2302,12.74,39030,2
2012-06-08,154.729996,116.100296,1.2517,31.799999,54296,2
2014-07-02,127.699997,180.270218,1.366,38.400002,44715,3
2014-11-04,112.220001,184.639297,1.2546,29.299999,35495,4
2015-06-25,112.440002,195.558472,1.1204,19.98,36106,2
2016-03-30,117.099998,195.155655,1.1338,9.73,36329,1
2015-03-06,111.860001,191.595413,1.0844,18.24,35972,1
2015-11-13,103.559998,189.746262,1.0779,13.06,33845,4
2012-08-21,158.830002,124.294899,1.2472,35.98,55240,3
2012-06-04,157.320007,111.738869,1.2498,31.76,53839,2
2013-03-19,156.080002,137.862427,1.2883,33.07,54707,1
2015-08-13,106.860001,194.505325,1.1149,14.09,36007,3
2017-08-31,125.82,240.448196,1.1909999999999998,9.63,39798,3
2018-12-06,117.139999,268.273376,1.1376,10.94,37218,4
2015-07-08,111.089996,190.618958,1.1077,17.379998999999998,35000,3
2013-08-01,126.610001,152.97908,1.3207,38.27,41407,3
2017-12-04,121.18,257.89801,1.1866,11.49,37494,4
2017-08-01,120.650002,240.283051,1.1802,10.09,38512,3
2013-12-09,119.720001,163.398926,1.3739,34.91,44160,4
2013-08-26,135.449997,148.801865,1.3369,37.959999,53787,3
2015-01-05,115.800003,186.258423,1.1934,18.790001,37026,1
2018-12-12,117.790001,263.918793,1.1368,10.82,38561,4
2012-10-31,166.830002,124.597,1.296,31.780001,59881,4
2017-03-27,119.529999,225.871338,1.0865,10.04,42122,1
2017-06-07,122.449997,235.578354,1.1257,9.46,40552,2
2017-03-03,117.510002,229.513641,1.0623,11.29,42151,1
2017-07-24,119.309998,239.797272,1.1642,9.5,38086,3
2018-08-17,112.129997,282.127899,1.1439,13.69,36778,3
2013-04-05,152.809998,138.352875,1.2990000000000002,33.279999,51479,2
2013-10-15,123.730003,152.860001,1.3523,36.470001,47281,4
2015-08-18,107.110001,195.651688,1.1021,14.05,34794,3
2012-03-14,159.570007,121.50798,1.3029,40.41,57236,1
2012-10-23,165.429993,124.658699,1.2986,31.969999,59186,4
2012-09-19,171.740005,128.626266,1.3048,34.119999,64480,3
2016-10-12,119.739998,204.521332,1.1008,11.43,42051,4
2016-05-12,121.160004,195.667175,1.1377,11.45,40803,2
2015-04-24,113.050003,196.299484,1.0874,19.67,35950,2
2015-09-15,105.900002,184.952469,1.1267,14.57,34625,3
2016-07-19,127.209999,205.854752,1.1022,10.7,47024,3
2018-10-17,115.790001,278.82180800000003,1.1501,14.82,38835,4
2017-08-21,122.760002,235.98877,1.1816,9.71,39088,3
2017-04-03,119.349998,227.52464300000003,1.0671,10.55,42321,2
2018-07-13,117.610001,276.714142,1.1685,14.47,39046,3
2015-11-16,103.709999,192.631683,1.0686,13.39,33796,4
2013-11-29,120.699997,163.038651,1.359,33.459999,44274,4
2015-09-03,107.839996,182.342911,1.1124,15.34,34762,3
2014-06-19,126.940002,178.728561,1.3609,39.130001,44311,2
2017-02-14,116.93,224.969955,1.0577,11.38,42480,1
2018-06-18,121.110001,273.715332,1.1623,13.29,40020,2
2017-05-23,119.139999,232.08807400000003,1.1183,10.64,39958,2
2015-01-15,120.940002,183.765396,1.1631,17.450001,37922,1
2017-10-06,121.089996,248.358871,1.1734,9.97,39596,4
2014-04-23,123.760002,170.514404,1.3817,36.91,42482,2
2014-10-08,117.470001,180.571274,1.2734,33.0,38217,4
2015-01-21,124.230003,187.514191,1.161,17.77,39923,1
2014-03-27,124.589996,167.90373200000005,1.374,36.5,42891,1
2017-10-30,121.129997,250.682648,1.1651,10.87,39265,4
2016-10-06,119.660004,206.502319,1.1151,11.51,41521,4
2013-10-07,127.639999,150.815277,1.3582,37.139999,49630,4
2016-04-01,116.93,196.008209,1.1387,9.33,35922,2
2017-01-25,114.32,220.99424700000003,1.0748,11.31,41193,1
2015-05-04,114.099998,195.993423,1.1146,20.280001,37130,2
2013-04-03,150.729996,138.415298,1.2851,33.759998,50722,2
2017-08-25,122.739998,237.601547,1.1926,9.75,39012,3
2014-01-13,121.019997,164.548904,1.3672,32.810001,45118,1
2016-01-08,105.68,180.866699,1.0932,9.8,33824,1
2012-03-21,160.21000700000005,122.302139,1.3212,40.66,56851,1
2015-03-18,112.370003,194.328537,1.0867,16.76,35312,1
2017-07-12,116.029999,237.0672,1.1412,9.33,36968,3
2015-01-22,125.230003,190.302704,1.1366,17.41,40079,1
2012-05-08,156.0,119.109604,1.3003,36.869999,55135,2
2017-12-28,122.849998,262.876709,1.1943,11.97,38906,4
2014-01-29,122.470001,160.61836200000005,1.3663,34.73,44405,1
2017-01-05,112.580002,217.942657,1.0607,11.7,40448,1
2013-10-17,127.419998,156.03067,1.3676,36.380001,48126,4
2016-08-22,127.779999,208.082901,1.1319,10.97,44516,3
2016-08-26,126.050003,206.902161,1.1198,10.95,43977,3
2015-04-16,115.029999,195.112289,1.0762,19.940001,36487,2
2018-07-18,116.309998,278.169037,1.1639,14.1,38438,3
2016-11-10,119.75,207.593292,1.0893,10.04,44166,4
2018-05-23,122.540001,269.338776,1.1697,14.51,40274,2
2013-02-13,159.050003,135.06814599999998,1.3453,35.189999,57442,1
2013-01-18,163.089996,131.67706299999998,1.3319,34.77,59436,1
2017-10-16,122.970001,249.257126,1.1797,10.46,40341,4
2016-12-16,108.050003,216.633453,1.0451,11.55,39694,4
2016-10-19,121.110001,205.066803,1.0974,11.66,42194,4
2015-02-02,122.419998,186.443115,1.1342,18.620001,38005,1
2013-03-04,152.300003,135.751724,1.3026,32.400002,53801,1
2013-07-17,123.32,150.54985,1.3125,37.799999,40154,3
2015-08-11,106.260002,194.468033,1.104,14.48,35330,3
2012-06-14,157.75,116.423027,1.2631,31.73,54441,2
2012-05-07,159.080002,119.589378,1.3054,37.049999,55796,2
2014-12-29,113.669998,192.721863,1.2152,20.299999,36484,4
2016-08-04,129.869995,206.06424,1.113,9.84,47677,3
2013-08-05,125.699997,153.014938,1.3258,37.830002,41760,3
2012-12-03,166.130005,124.685127,1.3054,32.599998,61814,4
2015-12-22,102.610001,191.779755,1.0955,10.77,34286,4
2015-10-15,113.290001,189.568207,1.1383,15.13,37513,4
2018-02-08,124.980003,252.827606,1.2247,12.09,38000,1
2016-08-01,129.220001,206.568939,1.1162,9.41,47717,3
2016-12-07,111.830002,214.9431,1.0753,11.09,41946,4
2016-07-29,128.979996,206.740295,1.1174,9.76,47480,3
2017-08-14,121.919998,239.525208,1.178,9.72,39178,3
2016-08-18,129.110001,208.397125,1.1354,11.3,46094,3
2015-06-19,115.120003,196.471832,1.1353,20.02,36680,2
2014-02-04,120.989998,158.843277,1.3519,34.740002000000004,43557,1
2012-11-09,167.820007,121.785072,1.2709,31.73,60785,4
2012-06-18,157.929993,117.841667,1.2576,31.32,54923,2
2015-04-23,114.660004,195.845032,1.0827,19.76,36111,2
2013-07-30,128.119995,151.12355,1.3263,36.669998,41663,3
2018-09-24,113.470001,289.330414,1.1748,15.25,37867,3
2014-09-04,121.480003,182.993973,1.2945,35.299999,41485,3
2018-05-01,123.709999,261.082092,1.1993,13.61,38271,2
2018-01-11,125.440002,270.9729,1.2032,12.7,38939,1
2014-08-13,126.199997,178.085739,1.3365,36.02,43317,3
2016-12-06,111.43,212.16777,1.0719,11.29,41022,4
2013-06-10,133.940002,146.948624,1.3257,34.0,44162,2
2018-01-08,125.309998,268.813934,1.1967,12.38,39043,1
2017-05-05,117.010002,231.74968,1.0998,9.66,37757,2
2017-01-06,111.75,218.722412,1.0533,11.68,40342,1
2016-01-12,104.209999,182.5065,1.0857,9.17,33389,1
2015-04-28,116.330002,196.104706,1.0981,19.6,37527,2
2014-09-11,119.470001,183.076279,1.2926,34.689999,41270,3
2012-05-16,149.46000700000005,115.864746,1.2716,35.049999,51559,2
2012-07-13,154.139999,119.025352,1.2252,32.68,52807,3
2017-02-22,117.910004,227.453598,1.0556,11.36,42713,1
2017-12-01,121.589996,258.21048,1.1891,11.67,37582,4
2018-01-18,125.860001,273.936646,1.2239,12.76,38917,1
2012-04-13,160.850006,119.62426,1.3077,39.150002,55809,2
2013-05-15,134.630005,148.125656,1.2887,33.610001000000004,43314,2
2016-04-13,118.769997,197.03125,1.1274,10.51,38563,2
2017-05-12,116.830002,231.05357400000003,1.0931,9.95,38155,2
2014-09-08,120.730003,183.341324,1.2897,34.700001,41804,3
2015-09-24,110.489998,180.743256,1.123,14.59,36215,3
2017-06-29,118.32,234.482895,1.1441,9.21,38599,2
2014-12-31,113.580002,189.785645,1.2098,20.360001,35990,4
2018-12-31,121.25,249.919998,1.147,9.66,38821,4
2017-06-05,121.730003,235.8974,1.1255,9.8,40453,2
2015-02-11,117.07,191.069092,1.1334,18.51,37397,1
2015-04-07,116.110001,192.246399,1.0816,19.059999,37687,2
2016-03-01,117.769997,186.700195,1.0867,9.15,35621,1
2015-05-05,114.419998,193.748932,1.1186,20.76,37295,2
2014-12-26,114.830002,192.463348,1.2176,20.780001,37315,4
2013-01-02,163.169998,129.66188,1.3186,33.82,58938,1
2012-10-01,172.28999299999995,127.241432,1.2889,34.25,62934,4
2018-06-20,120.260002,273.131378,1.1572,13.28,39626,2
2013-11-01,126.949997,158.72401399999995,1.3487,34.130001,48675,4
2015-04-15,115.43,195.167969,1.0686,19.709999,36581,2
2015-03-05,115.0,194.328537,1.1031,18.709999,36217,1
2018-08-03,114.919998,280.682892,1.1567,14.27,38072,3
2015-12-10,102.550003,192.86586,1.0941,11.37,34215,4
2013-04-01,154.669998,139.146439,1.2849,34.68,52725,2
2014-06-24,126.980003,177.95777900000004,1.3605,39.09,44494,2
2013-07-22,128.839996,151.939285,1.3186,37.919998,42234,3
2013-11-11,123.870003,159.723816,1.3407,34.259998,48373,4
2012-09-27,172.339996,127.49706299999998,1.2914,34.150002,63055,3
2015-06-26,112.559998,195.623718,1.1166,19.98,35968,2
2016-04-22,117.889999,197.950089,1.1234,10.76,39985,2
2018-04-05,125.800003,261.732361,1.224,12.83,38226,2
2018-12-17,117.870003,253.877457,1.1347,10.45,38169,4
2018-10-23,116.389999,272.021484,1.1471,14.04,39113,4
2018-08-23,112.199997,282.850403,1.1539,14.27,36608,3
2016-03-03,120.730003,188.274017,1.0957,9.25,36304,1
2015-11-24,102.940002,196.126068,1.0641,13.32,33889,4
2018-10-26,116.769997,263.789551,1.1403,14.33,38712,4
2012-04-03,159.889999,123.218033,1.3234,39.66,57567,2
2014-06-27,126.660004,178.981506,1.3649,38.98,44529,2
2012-11-14,167.139999,119.819359,1.2736,31.77,61375,4
2012-08-31,164.220001,123.76886,1.2577,35.889999,58404,3
2016-09-21,127.269997,206.540604,1.1189,10.4,47169,3
2012-11-27,168.71000700000005,123.697891,1.2945,31.98,63536,4
2016-06-09,121.25,200.896088,1.1316,12.25,40909,2
2014-10-16,119.220001,171.048706,1.2809,31.1,38872,4
2012-12-26,160.779999,125.83578500000002,1.3224,33.150002,57472,4
2012-04-26,161.029999,122.258545,1.3209,39.529999,55924,2
2013-09-20,127.959999,153.778763,1.3524,37.77,49306,3
2012-04-19,159.429993,120.13018,1.3136,38.959999,56576,2
2013-07-29,128.470001,151.12355,1.3262,37.130001,41146,3
2017-05-08,116.75,231.710999,1.0924,9.67,38011,2
2018-11-23,115.769997,261.721649,1.1341,10.83,36061,4
2018-04-25,125.410004,259.751923,1.2161,13.72,39490,2
2015-12-28,102.269997,193.391281,1.0968,10.93,33451,4
2018-04-23,125.620003,262.648682,1.2209,13.92,39515,2
2013-03-14,153.679993,139.13398700000002,1.3005,33.419998,54289,1
2013-06-14,134.429993,145.50412,1.3347,34.740002000000004,43788,2
2014-03-31,123.610001,170.114197,1.3771,36.59,42805,1
2017-10-17,122.129997,249.432907,1.1766,10.49,39769,4
2017-12-27,122.230003,262.336975,1.1888,11.92,38673,4
2018-09-13,113.760002,287.838531,1.169,14.49,37061,3
2016-02-03,109.25,180.28244,1.1104,9.34,35732,1
2013-05-23,134.610001,147.528229,1.2936,33.540001000000004,43571,2
2014-04-14,127.849998,166.41186499999995,1.3821,37.380001,43229,2
2013-12-04,119.959999,161.894653,1.3594,34.880001,43831,4
2012-11-01,166.070007,125.90155,1.2942,32.060001,59695,4
2013-08-13,127.739998,152.037872,1.3262,37.900002,46268,3
2015-05-19,115.889999,197.579391,1.1149,19.629999,39276,2
2017-06-19,118.43,237.69873,1.1148,9.12,38169,2
2016-02-10,114.459999,174.59968600000005,1.129,7.96,36780,1
2017-09-01,126.059998,240.788239,1.1859,9.67,40021,3
2014-03-04,128.679993,169.88324,1.3744,37.060001,46557,1
2016-03-09,119.580002,187.897064,1.0999,10.15,37223,1
2012-07-05,155.679993,119.93721,1.2393,32.619999,52560,3
2014-05-06,125.980003,169.904984,1.3928,36.189999,42571,2
2017-02-21,117.75,227.655746,1.0537,11.54,42836,1
2013-11-18,122.900002,161.61541699999995,1.3505,33.619999,45335,4
2014-08-19,124.68,181.33049,1.332,34.709999,42240,3
2015-02-12,117.339996,192.906555,1.1403,19.18,37225,1
2017-01-24,115.269997,219.097855,1.0731,11.37,41718,1
2016-12-08,111.57,215.469421,1.0615,11.31,41525,4
2016-10-26,120.790001,204.550034,1.0909,11.09,42116,4
2016-02-05,112.32,177.125351,1.1159,8.91,35806,1
2018-07-26,115.769997,280.425568,1.1643,14.47,38275,3
2017-01-18,114.870003,218.279602,1.0631,11.16,41997,1
2017-06-09,120.540001,235.336609,1.1196,9.49,39694,2
2018-11-27,114.949997,266.841736,1.1288,10.95,35772,4
2018-04-12,126.620003,262.018097,1.2327,13.52,38668,2
2012-01-25,166.419998,115.124702,1.311,38.349998,56411,1
2016-01-25,106.080002,176.83320600000005,1.0849,8.54,34679,1
2013-03-26,154.720001,139.271286,1.2861,34.450001,54078,1
2018-02-20,126.239998,266.340881,1.2338,12.39,38389,1
2017-04-05,119.620003,226.99287400000003,1.0663,10.68,42258,2
2013-08-20,132.449997,148.4254,1.3417,37.52,50459,3
2015-02-09,119.169998,188.945343,1.1324,19.77,37798,1
2014-08-01,124.379997,175.946991,1.3430000000000002,36.189999,44427,3
2016-12-13,110.449997,217.967209,1.0627,11.73,41235,4
2013-02-19,155.330002,136.04466200000002,1.3388,34.959999,55171,1
2012-06-25,153.759995,115.14113600000002,1.2505,29.799999,53675,2
2015-04-08,115.470001,192.89563,1.0781,18.07,36958,2
2015-05-26,113.910004,195.418396,1.0873,19.690001,38510,2
2016-11-17,116.169998,209.574295,1.0626,10.13,40740,4
2018-08-13,112.959999,279.198334,1.1409,14.01,37711,3
2015-04-27,115.330002,195.483307,1.0888,19.52,37148,2
2014-02-06,121.239998,160.73611499999996,1.359,34.900002,44413,1
2015-06-11,113.260002,196.299484,1.1258,20.49,36812,2
2018-09-05,113.32,286.0570370000001,1.1629,14.49,36516,3
2018-04-30,124.589996,260.618988,1.2079,13.8,38642,2
2012-09-14,171.800003,129.099747,1.3127,36.84,64312,3
2011-12-16,155.229996,105.597549,1.3035,36.27,53458,4
2017-11-03,120.620003,252.342484,1.1609,11.18,39048,4
2016-09-16,125.059998,204.195923,1.1155,10.0,45273,3
2015-11-03,106.980003,197.671844,1.0968,15.28,35799,4
2016-06-29,125.839996,196.780365,1.1125,11.79,43202,2
2016-07-27,128.029999,206.169006,1.1058,9.9,47019,3
2017-01-13,114.209999,218.568375,1.0644,11.41,40887,1
2015-08-03,104.099998,195.465286,1.0951,15.1,33499,3
2016-05-10,120.980003,197.45752,1.1372,10.99,40839,2
2012-06-05,157.139999,112.584969,1.2454,31.76,54442,2
2014-12-12,117.410004,184.473953,1.2462,21.93,38707,4
2014-01-09,118.459999,166.314957,1.3609,33.080002,44124,1
2015-11-27,101.25,196.322784,1.0593,13.03,33701,4
2013-06-05,135.520004,143.801025,1.3094,33.259998,44228,2
2012-06-27,152.830002,116.763191,1.247,30.200001,52767,2
2013-05-28,133.490005,148.286179,1.2856,33.790001000000004,43262,2
2016-07-12,127.150002,204.674026,1.1059,11.19,47342,3
2018-02-01,128.070007,276.331146,1.251,13.24,39309,1
2017-12-15,119.18,261.542114,1.1754,11.46,37205,4
2013-11-12,122.449997,159.399521,1.3436,33.639999,47750,4
2013-03-21,156.25,137.639511,1.2898,33.049999,55063,1
2014-03-18,130.619995,169.955658,1.3934,35.580002,45840,1
2018-11-19,115.669998,267.537689,1.1453,12.14,36864,4
2015-10-06,109.860001,185.296234,1.1271,15.74,37333,4
2018-03-19,124.870003,266.510986,1.2335,12.55,38520,1
2015-05-18,117.519997,197.644302,1.1315,20.440001,40470,2
2017-02-24,119.699997,227.896423,1.0563,11.46,43353,1
2014-06-06,120.610001,177.72796599999995,1.3643,37.610001,39997,2
2015-04-29,115.510002,195.297806,1.1132,20.120001,37714,2
2012-04-18,159.309998,120.906502,1.3121,39.049999,56064,2
2014-08-21,122.879997,182.345032,1.3282,35.09,42080,3
2014-04-11,126.93,165.111084,1.3885,37.18,43177,2
2014-07-09,127.839996,180.169693,1.3645,37.689999,44787,3
2013-04-09,153.339996,139.77063,1.3082,33.639999,52163,2
2014-03-25,126.410004,169.477402,1.3827,35.77,43508,1
2014-08-05,123.870003,175.499084,1.3376,36.16,43381,3
2018-01-10,125.029999,269.010223,1.1947,12.68,38992,1
2012-03-08,165.279999,119.015457,1.3271,40.82,58775,1
2015-03-13,110.879997,190.053421,1.0495,16.799999,35533,1
2018-11-02,116.650002,270.31149300000004,1.1387,13.31,38620,4
2014-12-08,115.779999,189.726563,1.2317,23.91,36595,4
2012-09-04,164.479996,123.654823,1.2567,35.509998,60606,3
2012-01-05,157.779999,111.199211,1.278,39.169998,52740,1
2015-01-28,123.419998,184.799545,1.1288,16.559998999999998,39472,1
2012-09-12,167.919998,126.600876,1.29,36.040001,63298,3
2011-12-29,150.339996,109.531738,1.2962,38.41,50218,4
2014-03-10,129.130005,170.408493,1.3877,36.299999,45973,1
2013-05-06,142.149994,144.255783,1.3076,34.139999,45168,2
2017-07-31,120.75,239.748688,1.1842,10.28,38645,3
2016-11-18,115.150002,209.105347,1.0588,10.32,40388,4
2014-10-28,118.099998,182.196655,1.2734,30.82,38129,4
2016-06-10,121.739998,198.992111,1.1251,11.87,41068,2
2014-05-08,124.169998,170.723648,1.3841,36.490002,41587,2
2015-02-18,116.339996,194.023819,1.1397,19.26,36278,1
2017-12-07,118.489998,257.829681,1.1773,11.33,37036,4
2016-07-21,127.300003,205.930923,1.1025,10.49,46621,3
2017-10-09,122.080002,247.948822,1.1741,10.0,39940,4
2015-07-02,111.760002,193.219238,1.1084,18.93,35435,3
2018-03-06,126.529999,267.793335,1.2404,12.57,39281,1
2016-04-05,117.660004,193.422165,1.1384,9.13,36082,2
2017-03-28,119.040001,227.514954,1.0813,10.15,42388,1
2017-12-21,120.309998,262.592133,1.1873,11.64,37530,4
2013-03-13,153.660004,138.397171,1.2961,33.189999,54757,1
2014-03-06,130.169998,170.42662,1.3861,36.57,47194,1
2013-02-11,159.699997,134.73085,1.3407,35.119999,57661,1
2017-09-08,127.970001,239.564087,1.2035,9.73,41570,3
2015-02-06,118.639999,189.794861,1.1315,19.469999,37024,1
2015-01-23,124.230003,189.259323,1.1208,17.0,39965,1
2014-03-20,127.860001,170.03718600000005,1.3779,35.580002,44992,1
2016-05-02,123.239998,197.002823,1.1532,11.05,41217,2
2014-02-18,127.400002,166.858337,1.3758,36.66,48023,1
2015-12-17,100.5,191.919662,1.0825,10.74,33170,4
2016-12-30,109.610001,215.179871,1.0516,11.72,39049,4
2015-11-11,103.830002,194.617783,1.0744,13.76,34190,4
2012-10-15,168.350006,127.003426,1.295,34.0,59959,4
2014-06-09,120.650002,177.909943,1.3594,38.18,40297,2
2015-09-02,108.620003,182.119263,1.1227,15.09,34728,3
2012-04-16,160.46000700000005,119.545753,1.3139,39.18,55920,2
2014-05-14,125.809998,171.978973,1.3715,37.18,42348,2
2014-12-15,114.389999,183.206741,1.2437,21.059999,38315,4
2013-02-01,161.449997,134.26036100000002,1.364,35.349998,58502,1
2015-05-21,115.690002,198.015305,1.1113,20.5,39166,2
2015-05-29,114.099998,195.826462,1.0988,20.309999,38349,2
2014-07-24,124.349998,181.5681,1.3464,37.82,43786,3
2018-11-01,116.629997,271.922089,1.1409,13.46,38771,4
2012-01-13,159.259995,111.893974,1.2677,38.16,52001,1
2016-10-05,120.779999,206.358765,1.1205,11.35,42615,4
2012-12-31,162.020004,126.421715,1.3196,33.369999,57864,4
2013-07-18,124.010002,151.374557,1.311,38.34,40473,3
2014-11-05,109.790001,185.805511,1.2486,29.950001,34412,4
2015-12-03,101.760002,192.622314,1.0941,12.77,33477,4
2015-05-13,116.550003,194.787689,1.1357,20.610001,39524,2
2015-01-09,117.260002,188.594528,1.1841,18.280001,36833,1
2016-05-17,122.220001,194.047379,1.1314,11.92,41180,2
2015-04-20,114.720001,194.630005,1.0737,19.889999,36074,2
2017-09-20,123.620003,244.150742,1.1893,10.24,40247,3
2013-07-12,124.129997,150.155426,1.3068,37.560001,41316,3
2013-08-29,135.869995,147.16146899999995,1.3241,38.580002,55542,3
2017-08-18,122.300003,235.804199,1.1762,9.97,39063,3
2018-04-04,126.449997,259.682953,1.2278,12.82,38212,2
2016-12-21,107.849998,217.336227,1.0425,11.44,39140,4
2016-04-20,118.970001,199.020508,1.1297,10.76,40132,2
2016-03-28,116.599998,192.522278,1.1196,10.01,36563,1
2015-06-30,112.370003,191.886459,1.1138,19.879999,35536,2
2018-12-03,116.410004,277.678436,1.1354,11.27,36153,4
2015-10-05,108.769997,185.933319,1.1185,15.0,36741,4
2012-11-02,162.600006,124.782082,1.2837,31.35,57651,4
2018-07-05,119.050003,270.30078100000003,1.1691,14.78,39226,3
2011-12-15,152.330002,105.44123799999998,1.3018,36.130001,53604,4
2017-12-08,118.480003,259.235626,1.1764,11.49,37055,4
2014-06-13,122.959999,176.590912,1.3542,39.119999,41875,2
2012-11-21,167.559998,122.92218,1.2829,32.119999,62047,4
2016-01-29,106.949997,182.563065,1.0837,9.65,34750,1
2017-09-14,126.160004,242.97419700000003,1.1919,10.13,41140,3
2013-02-12,159.889999,134.952759,1.3454,35.279999,57555,1
2017-06-27,118.809998,234.46344,1.1339,9.1,38355,2
2017-04-24,121.480003,229.303589,1.0868,10.25,41129,2
2018-03-14,125.699997,270.168213,1.2367,12.28,38757,1
2016-03-21,118.959999,193.876831,1.1241,10.59,37864,1
2016-12-02,112.139999,210.234619,1.0673,11.48,40327,4
2015-05-07,113.419998,193.721054,1.1267,20.200001,37865,2
2016-06-07,118.82,200.517181,1.1358,12.22,39010,2
2015-03-10,111.419998,189.268539,1.0698,17.91,35697,1
2016-10-03,125.32,206.502319,1.1211,11.1,44893,4
2018-02-13,126.080002,261.041565,1.2352,11.87,38245,1
2015-03-17,110.209999,192.020157,1.0598,15.96,35356,1
2015-02-20,115.279999,195.048721,1.1381,18.65,36314,1
2013-06-12,134.25,144.229034,1.3337,34.029999,43546,2
2012-10-25,166.020004,124.667503,1.2934,31.780001,59449,4
2017-10-20,121.610001,251.034134,1.1785,10.43,39877,4
2013-09-03,136.419998,147.35870400000005,1.317,38.759998,57308,3
2016-05-05,122.07,194.161041,1.1405,10.9,40915,2
2015-04-14,114.440002,194.296143,1.0654,18.82,36325,2
2016-02-04,110.57,180.56517,1.1208,9.12,35829,1
2014-05-02,125.059998,171.069305,1.3869999999999998,36.290001,42083,2
2014-04-16,125.540001,169.31368999999995,1.3816,37.48,42416,2
2013-11-21,119.940002,162.056793,1.3482,34.169998,45137,4
2018-04-19,127.599998,264.93457,1.2346,13.77,40635,2
2017-03-09,114.470001,228.011917,1.0577,10.53,40834,1
2016-12-23,107.93,217.278458,1.0456,11.56,38595,4
2012-12-19,161.690002,127.188545,1.3228,32.669998,59607,4
2017-11-22,122.629997,253.621552,1.1822,11.6,39569,4
2012-09-17,170.399994,128.661346,1.3117,35.75,63761,3
2016-07-07,129.740005,199.513153,1.1063,10.82,46893,3
2014-09-25,117.389999,180.295761,1.275,34.830002,39230,3
2018-08-02,114.519997,279.485382,1.1584,14.36,37941,3
2014-03-03,130.28999299999998,167.528534,1.3735,37.52,47186,1
2015-01-29,120.760002,186.507751,1.132,16.68,37286,1
2015-03-25,114.730003,190.83667,1.0972,17.360001,38158,1
2013-05-16,134.089996,147.43014499999995,1.2882,33.869999,43262,2
2012-05-02,160.589996,122.398117,1.3157,39.889999,55147,2
2012-09-24,171.050003,128.38734399999998,1.2931,34.09,62412,3
2017-04-13,122.599998,224.798157,1.0614,11.13,42571,2
2018-10-18,115.919998,274.795288,1.1453,14.56,38859,4
2017-07-18,118.110001,238.670242,1.1555,9.54,37695,3
2013-03-12,154.190002,138.201843,1.3034,33.259998,54943,1
2017-04-06,119.18,227.630997,1.0644,10.86,42093,2
2017-06-02,121.610001,236.071411,1.1282,9.86,40274,2
2014-11-20,114.860001,188.780716,1.254,28.73,35819,4
2014-02-19,126.269997,165.753448,1.3733,36.900002,47787,1
2012-12-18,162.080002,128.140533,1.3230000000000002,32.18,60687,4
2017-08-07,119.510002,240.817352,1.1796,10.1,37271,3
2015-02-05,121.790001,190.321167,1.1477,19.030001,37859,1
2013-10-08,127.400002,149.058746,1.3573,37.310001,49952,4
2015-05-22,115.599998,197.542282,1.1018,20.25,38928,2
2017-03-22,118.830002,226.50944500000003,1.0797,10.12,41233,1
2013-01-16,162.649994,130.540771,1.329,34.279999,59718,1
2017-11-07,121.209999,252.557281,1.1586,11.49,39594,4
2012-12-17,164.440002,126.730164,1.3165,32.009998,61484,4
2012-03-29,161.279999,122.319626,1.3302,39.290001,56771,1
2014-03-14,133.100006,167.238724,1.3914,35.529999,47084,1
2014-05-13,124.599998,172.797668,1.3704,37.040001,41884,2
2017-06-30,118.019997,234.92009,1.1426,9.5,38344,2
2018-10-31,115.150002,269.058807,1.1312,13.79,38050,4
2018-05-02,123.650002,259.32827799999995,1.1951,13.67,38809,2
2015-11-06,104.099998,196.772461,1.0741,14.23,34910,4
2013-10-25,130.46000700000002,158.489792,1.3805,35.32,49709,4
2015-07-30,104.269997,196.481171,1.0933,16.1,34020,3
2013-05-09,140.809998,145.236649,1.3043,34.169998,45165,2
2014-12-01,116.580002,188.945999,1.247,26.32,36723,4
2016-05-03,122.959999,195.288269,1.1497,10.74,40984,2
2018-10-12,115.230003,274.347931,1.1563,15.12,38918,4
2017-12-12,118.150002,260.475586,1.1742,11.44,36729,4
2017-07-06,116.470001,233.705627,1.1423,9.31,37452,3
2018-07-12,118.129997,276.496399,1.1672,14.39,39335,3
2014-04-07,124.910004,167.68541000000005,1.3741,36.279999,43080,2
2016-07-11,129.28999299999998,203.198151,1.1058,10.65,47812,3
2012-06-28,151.050003,116.42997,1.244,29.5,51756,2
2017-09-29,121.580002,245.293091,1.1814,10.43,39457,3
2017-05-24,119.610001,232.629517,1.1219,10.6,39832,2
2015-10-29,109.720001,195.695099,1.0976,14.63,36544,4
2017-05-22,119.900002,231.575653,1.1238,10.54,39874,2
2018-03-13,125.779999,271.56176800000003,1.239,12.24,38821,1
2015-10-16,112.489998,190.430115,1.1347,15.22,37387,4
2013-02-20,151.440002,134.349121,1.3281,34.169998,53720,1
2014-12-02,115.139999,190.167328,1.2383,25.58,36158,4
2017-07-25,118.919998,240.380173,1.1652,9.81,38289,3
2016-01-06,104.669998,187.369339,1.0781,10.11,33774,1
2016-07-14,127.330002,205.788116,1.112,10.87,47509,3
2014-08-07,126.18,174.603363,1.3363,36.16,43814,3
2014-09-30,116.209999,180.920258,1.2632,34.41,38516,3
2012-06-11,155.360001,114.626129,1.2475,30.700001,54694,2
2015-07-06,112.059998,192.613419,1.1057,17.73,36181,3
2013-07-05,118.089996,146.1306,1.2832,36.560001,39402,3
2012-06-15,157.839996,117.613701,1.2638,31.629999,54554,2
2013-02-08,161.570007,134.757431,1.3365,34.700001,58212,1
2011-12-20,156.979996,107.629784,1.3079,37.560001,53487,4
2017-03-31,118.720001,227.921021,1.0652,10.64,42326,1
2015-12-23,102.309998,194.154648,1.0909,11.26,34215,4
2012-03-07,163.630005,117.843025,1.315,40.610001,58464,1
2018-08-30,113.639999,287.313965,1.1671,14.75,36861,3
2015-06-24,112.589996,196.192215,1.1207,20.200001,36182,2
2017-09-05,127.459999,239.058884,1.1914,9.92,40609,3
2017-03-29,119.330002,227.727676,1.0767,10.37,42283,1
2013-05-03,142.089996,143.890228,1.3115,34.009998,44776,2
2014-08-28,124.0,182.929993,1.3183,35.32,42405,3
2013-07-26,128.779999,151.589676,1.3279,37.209999,40763,3
2016-07-22,126.349998,206.854599,1.0976,10.42,46321,3
2016-10-24,120.559998,205.650589,1.0883,11.43,42058,4
2018-01-22,126.650002,277.42044100000004,1.2262,12.78,38979,1
2014-10-27,118.059998,180.130493,1.2698,30.639999,38145,4
2014-03-21,128.470001,169.377365,1.3794,35.84,44651,1
2017-05-16,117.650002,232.117081,1.1082,10.11,38744,2
2014-01-24,122.290001,162.013046,1.3678,34.580002,44691,1
2016-12-09,110.400002,216.770966,1.0562,11.44,41221,4
2018-05-17,122.360001,268.008667,1.1795,14.49,40109,2
2014-06-23,126.849998,179.036316,1.3605,39.16,44445,2
2016-09-22,127.57,207.842087,1.1207,10.53,47568,3
2012-04-23,159.070007,119.318947,1.3155,39.029999,55553,2
2018-08-08,114.910004,282.523743,1.1611,13.9,37947,3
2016-11-14,116.110001,207.277466,1.0737,9.87,41017,4
2017-09-06,126.809998,239.874969,1.1917,10.04,41323,3
2012-12-13,164.369995,125.725304,1.3078,31.58,61508,4
2017-09-18,124.360001,243.818771,1.1954,10.17,39764,3
2015-05-14,117.18,196.818832,1.141,20.530001,39744,2
2013-03-08,152.71000700000005,137.988846,1.3006,33.049999,54854,1
2012-04-24,159.300003,119.772537,1.3194,39.169998,55697,2
2017-06-26,118.360001,236.367661,1.1182,8.93,38304,2
2014-08-18,124.959999,180.389069,1.3363,35.060001,42667,3
2012-05-31,151.619995,114.678444,1.2359,32.610001000000004,54110,2
2012-06-20,155.970001,118.788589,1.2704,30.49,54570,2
2013-02-26,156.220001,133.177338,1.3062,33.330002,54582,1
2017-08-04,119.650002,240.370468,1.1772,10.13,37262,3
2013-02-22,152.970001,134.837387,1.319,33.599998,53304,1
2015-06-03,113.639999,196.549927,1.1275,20.17,37948,2
2012-08-03,155.550003,122.181831,1.2387,34.07,53317,3
2012-03-30,162.119995,122.825531,1.3344,39.23,56909,1
2015-01-20,124.199997,186.572357,1.1551,17.48,39522,1
2018-08-28,113.68,286.937897,1.1695,14.43,37120,3
2015-01-16,122.519997,186.175339,1.157,18.33,39061,1
2012-08-09,156.990005,123.286575,1.2306,34.93,53512,3
2015-02-24,115.260002,195.575027,1.1341,18.040001,35974,1
2014-01-14,119.889999,166.342148,1.3679,33.040001000000004,44941,1
2014-07-25,125.790001,180.718124,1.3432,37.77,44281,3
2017-07-20,118.239998,240.069275,1.1631,9.61,37881,3
2016-09-27,126.620003,206.301361,1.1215,10.15,45494,3
2015-06-08,112.57,193.303741,1.1292,19.709999,36861,2
2012-03-05,165.649994,118.763596,1.3218,40.970001,56994,1
2012-02-14,167.119995,117.408775,1.3119,38.84,56416,1
2017-08-29,124.419998,237.883316,1.1972,9.46,39818,3
2018-02-07,124.790001,262.68045,1.2264,12.37,37863,1
2014-11-11,112.040001,187.495117,1.2475,29.42,34805,4
2014-02-10,122.919998,163.02740500000004,1.3647,35.630001,44670,1
2016-05-19,119.870003,193.431625,1.1203,11.79,39824,2
2018-04-26,124.970001,262.392517,1.2103,13.77,39343,2
2012-06-12,156.46000700000005,115.943237,1.2513,31.42,55076,2
2018-03-20,124.309998,266.964264,1.2242,12.81,38216,1
2014-10-13,118.519997,172.09552,1.2753,31.99,38336,4
2012-12-10,165.800003,125.584244,1.2941,31.389999,62948,4
2015-06-02,114.459999,196.030502,1.1155,20.68,38447,2
2015-12-11,103.110001,189.127914,1.0989,11.07,33983,4
2016-05-13,121.709999,193.962097,1.1308,11.37,40974,2
2014-05-16,124.5,171.060226,1.3695,37.23,40894,2
2017-05-31,120.620003,233.431961,1.1243,9.96,40096,2
2013-07-01,121.129997,144.64260900000005,1.3064,34.669998,40067,3
2013-03-15,154.0,138.950287,1.3076,33.599998,54192,1
2018-04-18,127.849998,266.412506,1.2373,13.88,40365,2
2012-02-08,168.5,117.408775,1.3258,38.040001,56821,1
2014-03-12,131.759995,169.611542,1.3904,35.349998,46771,1
2017-12-11,118.010002,260.016724,1.1768,11.6,36933,4
2013-11-08,124.279999,159.696793,1.3371,34.009998,48144,4
2016-11-22,115.540001,211.095947,1.0626,10.63,40790,4
2012-08-28,161.639999,123.979202,1.2565,35.790001000000004,57609,3
2018-02-02,126.389999,270.31543,1.2462,13.04,38651,1
2014-02-03,121.32,157.738373,1.3525,34.52,43858,1
2013-10-03,127.18,150.986374,1.3618,37.139999,48653,4
2014-12-30,115.199997,191.687714,1.2157,20.290001,37352,4
2012-01-27,168.970001,114.48203999999998,1.3226,38.299999,57165,1
2013-11-19,122.949997,161.26411399999995,1.3539,33.720001,45440,4
2016-08-16,128.470001,207.540146,1.1278,10.92,46336,3
2013-08-12,129.130005,151.589676,1.33,37.759998,45861,3
2018-07-31,115.989998,278.436218,1.1691,14.28,38321,3
2012-02-28,173.490005,119.467079,1.347,40.790001,60883,1
2017-10-31,120.669998,251.073166,1.1646,10.93,38818,4
2012-09-11,167.899994,126.180031,1.2855,36.110001,63804,3
2012-06-13,157.119995,115.201836,1.2556,31.1,55015,2
2013-12-12,118.290001,160.45343,1.3755,34.970001,44468,4
2017-06-06,123.099998,235.14328,1.1278,9.97,40777,2
2014-02-27,128.199997,168.289276,1.3709,36.689999,46505,1
2014-04-25,125.43,169.45921299999995,1.3833,36.599998,42607,2
2018-05-03,124.279999,258.756775,1.1988,13.82,38878,2
2012-08-22,160.53999299999995,124.347504,1.2528,36.220001,55309,3
2016-11-25,112.610001,211.995529,1.0587,10.33,40498,4
2012-03-09,166.380005,119.475792,1.3114,41.09,59221,1
2016-10-07,119.739998,205.794128,1.1201,11.33,41865,4
2017-03-08,115.059998,227.723114,1.0541,10.67,41430,1
2018-01-12,126.959999,272.73938,1.2187,12.87,39063,1
2014-06-10,121.389999,177.928085,1.3548,38.279999,40506,2
2018-02-21,125.660004,265.016083,1.2284,12.29,38640,1
2015-03-03,115.470001,194.937943,1.1176,18.49,36399,1
2013-11-25,120.459999,162.705353,1.3516,33.82,44500,4
2015-12-21,103.150002,190.055161,1.0915,10.66,34301,4
2013-02-05,161.96000700000005,134.09166000000002,1.3584,35.029999,58356,1
2014-07-07,127.019997,180.526169,1.3605,38.169998,44780,3
2014-02-14,127.150002,166.65910300000004,1.3693,35.91,46613,1
2013-04-11,151.050003,141.94635,1.3103,33.459999,51674,2
2012-05-17,152.800003,114.146362,1.2694,35.040001000000004,53134,2
2012-03-23,161.529999,121.813698,1.3273,40.689999,57203,1
2018-03-09,125.540001,273.671661,1.2307,12.47,38947,1
2012-09-10,167.28999299999995,125.829247,1.2759,35.849998,63980,3
2014-07-11,128.779999,179.703598,1.3609,37.16,46068,3
2013-07-23,129.71000700000002,151.61656200000004,1.3224,38.09,41854,3
2016-11-02,123.639999,200.722031,1.1097,10.28,44079,4
2018-05-11,125.0,268.836273,1.1944,14.25,40541,2
2017-07-21,119.260002,239.855545,1.1663,9.34,38150,3
2014-05-05,126.220001,171.396774,1.3876,36.139999,41961,2
2016-06-06,118.919998,200.20459,1.1355,12.04,39142,2
2016-02-01,108.050003,182.497055,1.0888,9.02,34870,1
2018-01-16,127.169998,271.807068,1.2261,12.76,39420,1
2013-01-22,163.669998,132.387238,1.3321,35.009998,59617,1
2018-09-28,112.760002,289.032166,1.1609,15.52,38577,3
2013-07-11,124.239998,150.092712,1.3096,37.009998,41697,3
2012-12-05,164.119995,124.72921,1.3068,32.220001,60452,4
2013-05-01,141.110001,141.134918,1.318,32.389999,43659,2
2014-04-29,124.860001,170.787308,1.3812,36.720001,41962,2
2013-06-20,123.599998,142.13356000000005,1.3219999999999998,33.630001,41305,2
2015-11-12,103.849998,191.900955,1.0817,13.35,33889,4
2016-03-18,119.800003,193.602158,1.127,10.48,37756,1
2015-03-23,114.290001,194.769135,1.0947,16.780001000000002,37781,1
2018-12-26,119.660004,246.179993,1.1353,9.9,38253,4
2015-10-30,109.300003,194.795761,1.1006,14.81,36490,4
2018-08-29,114.199997,288.481842,1.1708,14.66,37135,3
2015-09-17,108.410004,186.117477,1.1437,15.23,35932,3
2015-08-26,107.669998,181.438873,1.1315,12.77,33423,3
2018-03-02,125.389999,264.064148,1.2317,12.37,38335,1
2017-07-13,115.82,237.46553,1.1399,9.47,36590,3
2012-06-06,157.21000700000005,115.11458600000002,1.2572,32.150002,55841,2
2015-07-24,105.349998,193.797012,1.0984,16.030001000000002,33702,3
2012-05-21,154.649994,115.11458600000002,1.2814,35.150002,54130,2
2015-06-05,112.239998,194.555832,1.1113,19.9,37010,2
2016-10-13,120.029999,203.85141,1.1057,11.49,41890,4
2015-10-23,111.5,194.411652,1.1018,14.27,36942,4
2013-01-28,160.28999299999995,133.22166399999998,1.3456,34.939999,57762,1
2012-09-07,168.440002,126.548294,1.2816,35.880001,64060,3
2016-01-22,105.0,179.547348,1.0797,9.27,34277,1
2016-06-24,126.0,193.523834,1.1117,11.4,42392,2
2013-03-28,154.449997,139.69931,1.2816,34.75,53564,1
2013-09-17,126.5,153.346619,1.3359,37.740002,49401,3
2017-09-25,124.529999,243.047455,1.1848,10.55,40276,3
2013-01-30,162.190002,133.22166399999998,1.3568,35.490002000000004,59061,1
2018-04-24,126.230003,259.111511,1.2232,13.68,39586,2
2015-01-12,118.559998,187.117142,1.1834,17.41,36971,1
2012-08-29,160.589996,124.075722,1.2529,35.380001,57559,3
2016-06-22,120.900002,198.15152,1.1297,11.74,41193,2
2014-07-31,123.389999,176.486221,1.3389,36.32,44399,3
2015-10-28,110.75,195.741974,1.092,14.69,37832,4
2016-11-04,124.389999,199.583221,1.1138,9.98,43398,4
2014-06-02,119.699997,175.472046,1.3597,37.529999,39626,2
2018-11-29,115.739998,272.389343,1.1393,10.87,35614,4
2017-01-12,113.910004,218.067825,1.0613,11.54,40859,1
2017-12-22,120.940002,262.523438,1.1859,11.66,37954,4
2012-07-10,152.149994,117.613701,1.2252,31.52,52648,3
2014-11-24,115.110001,190.32341,1.2443,28.74,36245,4
2017-05-10,116.040001,231.914032,1.0868,9.86,37952,2
2012-07-16,154.21000700000005,118.744736,1.2273,33.119999,52745,3
2017-01-20,115.050003,218.269989,1.0703,11.39,41425,1
2014-04-22,123.779999,170.914658,1.3805,37.0,42236,2
2012-02-06,167.179993,116.76613600000002,1.3134,37.330002,56426,1
2016-12-14,108.830002,216.168076,1.0536,11.32,41728,4
2013-06-13,133.740005,146.42259199999995,1.3375,34.330002,43235,2
2013-08-16,132.580002,148.64949,1.3329,38.400002,50887,3
2012-11-06,166.300003,126.016159,1.2814,32.560001,59910,4
